future_record_id,operator_group,location_name,country,country_code,world_region,sub_region,latitude,longitude,timezone,status,coordinate_method,coordinate_confidence,record_granularity
FUTURE-GOOGLE-google-andhra-pradesh-india,Google,"Andhra Pradesh, India",India,IND,Asia Pacific,Southern Asia,15.9129,79.74,Asia/Kolkata,in_development,operator_source_coordinate,medium,official_operator_location
FUTURE-GOOGLE-google-armstrong-county-texas,Google,"Armstrong County, Texas",United States,USA,North America,Northern America,34.9642,-101.3577,America/Chicago,in_development,manual_administrative_area_centroid,low,official_operator_location
FUTURE-GOOGLE-google-cedar-rapids-iowa,Google,"Cedar Rapids, Iowa",United States,USA,North America,Northern America,41.9779,-91.6656,America/Chicago,in_development,operator_source_coordinate,medium,official_operator_location
FUTURE-GOOGLE-google-chesterfield-county-virginia,Google,"Chesterfield County, Virginia",United States,USA,North America,Northern America,37.3673,-77.6078,America/New_York,in_development,operator_source_coordinate,medium,official_operator_location
FUTURE-GOOGLE-google-chonburi-thailand,Google,"Chonburi, Thailand",Thailand,THA,Asia Pacific,South-eastern Asia,13.3611,100.9847,Asia/Bangkok,in_development,manual_city_center,low,official_operator_location
FUTURE-GOOGLE-google-dietzenbach-germany,Google,"Dietzenbach, Germany",Germany,DEU,Europe,Western Europe,50.0173,8.787,Europe/Berlin,in_development,operator_source_coordinate,medium,official_operator_location
FUTURE-GOOGLE-google-dorchester-county-south-carolina,Google,"Dorchester County, South Carolina",United States,USA,North America,Northern America,33.168,-80.5438,America/New_York,in_development,operator_source_coordinate,medium,official_operator_location
FUTURE-GOOGLE-google-farciennes-belgium,Google,"Farciennes, Belgium",Belgium,BEL,Europe,Western Europe,50.43,4.541,Europe/Brussels,in_development,manual_city_center,low,official_operator_location
FUTURE-GOOGLE-google-groningen-netherlands,Google,"Groningen, Netherlands",Netherlands,NLD,Europe,Western Europe,53.2194,6.5665,Europe/Amsterdam,in_development,manual_city_center,low,official_operator_location
FUTURE-GOOGLE-google-haskell-county-texas,Google,"Haskell County, Texas",United States,USA,North America,Northern America,33.1782,-99.7304,America/Chicago,in_development,manual_administrative_area_centroid,low,official_operator_location
FUTURE-GOOGLE-google-hermantown-minnesota,Google,"Hermantown, Minnesota",United States,USA,North America,Northern America,46.8069,-92.2382,America/Chicago,in_development,manual_city_center,low,official_operator_location
FUTURE-GOOGLE-google-horndal-sweden,Google,"Horndal, Sweden",Sweden,SWE,Europe,Northern Europe,60.3,16.4167,Europe/Stockholm,in_development,manual_city_center,low,official_operator_location
FUTURE-GOOGLE-google-kansas-city-missouri,Google,"Kansas City, Missouri",United States,USA,North America,Northern America,39.0997,-94.5786,America/Chicago,in_development,manual_city_center,low,official_operator_location
FUTURE-GOOGLE-google-kronstorf-austria,Google,"Kronstorf, Austria",Austria,AUT,Europe,Western Europe,48.1433,14.4633,Europe/Vienna,in_development,manual_city_center,low,official_operator_location
FUTURE-GOOGLE-google-lagrange-georgia,Google,"LaGrange, Georgia",United States,USA,North America,Northern America,33.0393,-85.0313,America/New_York,in_development,manual_city_center,low,official_operator_location
FUTURE-GOOGLE-google-lincoln-nebraska,Google,"Lincoln, Nebraska",United States,USA,North America,Northern America,40.8136,-96.7026,America/Chicago,in_development,manual_city_center,low,official_operator_location
FUTURE-GOOGLE-google-mesa-arizona,Google,"Mesa, Arizona",United States,USA,North America,Northern America,33.4152,-111.8315,America/Phoenix,in_development,manual_city_center,low,official_operator_location
FUTURE-GOOGLE-google-michigan-city-indiana,Google,"Michigan City, Indiana",United States,USA,North America,Northern America,41.7075,-86.895,America/Chicago,in_development,manual_city_center,low,official_operator_location
FUTURE-GOOGLE-google-muskogee-county-oklahoma,Google,"Muskogee County, Oklahoma",United States,USA,North America,Northern America,35.6176,-95.3839,America/Chicago,in_development,manual_administrative_area_centroid,low,official_operator_location
FUTURE-GOOGLE-google-new-florence-missouri,Google,"New Florence, Missouri",United States,USA,North America,Northern America,38.9103,-91.4482,America/Chicago,in_development,operator_source_coordinate,medium,official_operator_location
FUTURE-GOOGLE-google-pampa-texas,Google,"Pampa, Texas",United States,USA,North America,Northern America,35.5362,-100.9599,America/Chicago,in_development,manual_city_center,low,official_operator_location
FUTURE-GOOGLE-google-pine-island-minnesota,Google,"Pine Island, Minnesota",United States,USA,North America,Northern America,44.2014,-92.6466,America/Chicago,in_development,manual_city_center,low,official_operator_location
FUTURE-GOOGLE-google-selangor-malaysia,Google,"Selangor, Malaysia",Malaysia,MYS,Asia Pacific,South-eastern Asia,3.0738,101.5183,Asia/Kuala_Lumpur,in_development,manual_administrative_area_centroid,low,official_operator_location
FUTURE-GOOGLE-google-skien-norway,Google,"Skien, Norway",Norway,NOR,Europe,Northern Europe,59.2096,9.609,Europe/Oslo,in_development,manual_city_center,low,official_operator_location
FUTURE-GOOGLE-google-stillwater-oklahoma,Google,"Stillwater, Oklahoma",United States,USA,North America,Northern America,36.1156,-97.0584,America/Chicago,in_development,operator_source_coordinate,medium,official_operator_location
FUTURE-GOOGLE-google-west-memphis-arkansas,Google,"West Memphis, Arkansas",United States,USA,North America,Northern America,35.1465,-90.1848,America/Chicago,in_development,operator_source_coordinate,medium,official_operator_location
FUTURE-GOOGLE-google-wilbarger-county-texas,Google,"Wilbarger County, Texas",United States,USA,North America,Northern America,34.0809,-99.2418,America/Chicago,in_development,manual_administrative_area_centroid,low,official_operator_location
FUTURE-AMAZON-aws-saudi-arabia,Amazon,Saudi Arabia,Saudi Arabia,SAU,Middle East and Africa,Western Asia,23.8859,45.0792,Asia/Riyadh,planned,manual_country_centroid,low,cloud_region_or_announced_location
FUTURE-AMAZON-aws-chile,Amazon,Chile,Chile,CHL,Latin America,South America,-35.6751,-71.543,America/Santiago,planned,manual_country_centroid,low,cloud_region_or_announced_location
FUTURE-MICROSOFT-microsoft-3673,Microsoft,Thailand South,Thailand,THA,Asia Pacific,South-eastern Asia,13.7563,100.5018,Asia/Bangkok,planned,operator_source_coordinate,medium,cloud_region_or_announced_location
FUTURE-MICROSOFT-microsoft-3646,Microsoft,North Europe 4,Denmark,DNK,Europe,Northern Europe,55.467,8.45,Europe/Copenhagen,planned,operator_source_coordinate,medium,cloud_region_or_announced_location
FUTURE-MICROSOFT-microsoft-3588,Microsoft,Southeast Asia 3,Malaysia,MYS,Asia Pacific,South-eastern Asia,1.4927,103.7414,Asia/Kuala_Lumpur,planned,operator_source_coordinate,medium,cloud_region_or_announced_location
FUTURE-MICROSOFT-microsoft-2598,Microsoft,East US 3,United States,USA,North America,Northern America,32.840464,-83.716858,America/New_York,planned,operator_source_coordinate,medium,cloud_region_or_announced_location
FUTURE-MICROSOFT-microsoft-2591,Microsoft,Taiwan North,"Taiwan, Province of China",TWN,Asia Pacific,Eastern Asia,25.039666,121.4139,Asia/Taipei,planned,operator_source_coordinate,medium,cloud_region_or_announced_location
FUTURE-MICROSOFT-microsoft-2587,Microsoft,Saudi Arabia East,Saudi Arabia,SAU,Middle East and Africa,Western Asia,24.7136,46.6753,Asia/Riyadh,planned,operator_source_coordinate,medium,cloud_region_or_announced_location
FUTURE-MICROSOFT-microsoft-2573,Microsoft,India South Central,India,IND,Asia Pacific,Southern Asia,17.34,78.5,Asia/Kolkata,planned,operator_source_coordinate,medium,cloud_region_or_announced_location
FUTURE-MICROSOFT-microsoft-2570,Microsoft,Greece Central,Greece,GRC,Europe,Southern Europe,37.9839412,23.7283052,Europe/Athens,planned,operator_source_coordinate,medium,cloud_region_or_announced_location
FUTURE-MICROSOFT-microsoft-2567,Microsoft,North Europe 3,Finland,FIN,Europe,Northern Europe,60.183027,24.874774,Europe/Helsinki,planned,operator_source_coordinate,medium,cloud_region_or_announced_location
