utilisation_scenario_id,base_utilisation,utilisation_scenario_label,is_central_utilisation,flexibility_scenario_id,flexible_workload_share,flexibility_scenario_label,is_central_flexibility,is_central
util_80,0.80,Low 80% baseline utilisation,False,flex_20,0.20,Conservative 20% flexible workload,False,False
util_80,0.80,Low 80% baseline utilisation,False,flex_25,0.25,Central 25% flexible workload,True,False
util_80,0.80,Low 80% baseline utilisation,False,flex_30,0.30,High 30% flexible workload,False,False
util_85,0.85,Central 85% baseline utilisation,True,flex_20,0.20,Conservative 20% flexible workload,False,False
util_85,0.85,Central 85% baseline utilisation,True,flex_25,0.25,Central 25% flexible workload,True,True
util_85,0.85,Central 85% baseline utilisation,True,flex_30,0.30,High 30% flexible workload,False,False
util_90,0.90,High 90% baseline utilisation,False,flex_20,0.20,Conservative 20% flexible workload,False,False
util_90,0.90,High 90% baseline utilisation,False,flex_25,0.25,Central 25% flexible workload,True,False
util_90,0.90,High 90% baseline utilisation,False,flex_30,0.30,High 30% flexible workload,False,False
